protected,verified,location,followers_count,following_count,tweet_count,isFraud,un_no_of_char,un_special_char,un_uppercase,name_no_of_char,name_special_char,name_uppercase,des_no_of_usertags,des_no_of_hashtags,des_external_links,has_description,account_age_in_days
0,1,1,108878036,245,11778,0,9,0,0,10,0,1,0,0,0,1,4978
0,1,1,113825417,281733,31332,0,12,0,0,13,0,1,0,0,0,1,4942
0,1,1,91736362,0,742,0,13,0,0,12,0,1,0,0,0,1,5054
0,1,1,107130421,982,10656,0,7,0,0,7,0,1,0,0,0,1,4754
0,1,1,84952188,117031,9954,0,8,0,0,9,0,1,1,0,1,1,5309
0,1,1,62857419,337,4377,0,11,0,0,17,0,1,0,0,0,1,4945
0,1,1,77112602,26044,24328,0,12,0,1,15,0,1,2,0,0,1,5168
0,1,1,56143731,360670,5641,0,13,0,0,17,0,1,1,1,0,0,5129
0,1,1,104597302,62,3829,0,9,0,1,17,0,1,0,0,1,1,4499
0,1,1,74103428,122,36001,0,13,0,1,14,0,1,3,0,0,1,4951
0,1,1,53326579,232,7957,0,7,0,0,7,0,1,0,0,1,1,4875
0,1,1,66465754,1083,5484,0,11,0,0,12,0,1,0,0,1,1,4961
0,1,1,45517341,1872,18020,0,3,0,1,3,0,0,0,1,0,1,4729
0,1,1,54077391,1,17808,0,8,0,0,11,0,1,0,0,0,1,4981
0,1,1,51305579,10992,14369,0,11,0,0,12,0,1,0,0,0,1,5195
0,1,1,43152538,317,13649,0,5,0,1,13,0,1,0,0,0,1,5006
0,1,1,31603989,470,8261,0,4,0,1,4,1,1,0,0,0,1,4935
0,1,1,39860152,600,1816,0,5,0,1,6,0,1,0,0,0,0,4942
0,1,1,38379120,1807,5687,0,12,1,1,13,0,1,0,0,0,1,4430
0,1,1,31039274,3355,9747,0,12,0,0,13,0,1,0,1,1,1,4362
0,1,1,61013530,506,4125,0,9,0,1,10,0,1,0,0,0,1,4854
0,1,1,52419662,184,8742,0,9,0,1,12,0,1,0,1,1,1,4964
0,1,1,35109538,55,2513,0,10,0,1,17,0,1,0,0,1,1,4611
0,1,1,43182309,91,4988,0,9,0,1,10,0,1,0,0,0,1,4666
0,1,1,29393912,231,5309,0,4,0,1,4,0,1,0,0,0,1,4820
0,1,1,27646968,1,375,0,5,0,1,5,0,1,0,0,1,1,4422
0,1,1,41138254,5737,18412,0,13,0,1,11,0,1,0,0,0,1,4649
0,1,1,46760508,69,12113,0,10,0,1,11,0,1,0,0,0,1,4222
0,1,1,30082906,778,11209,0,10,0,0,11,0,1,1,0,0,1,4914
0,1,1,37642926,563,42145,0,14,0,1,10,0,1,0,0,0,1,4963
0,1,1,36757521,887,50734,0,10,0,0,11,0,1,0,0,0,1,4991
0,1,1,25003872,2299,8775,0,7,0,0,7,0,1,0,0,0,1,4923
0,0,1,7093,0,0,0,15,1,1,4,0,1,0,0,0,1,2250
0,1,1,35965895,3457,7716,0,15,1,1,15,0,1,1,0,0,1,4734
0,1,1,27209015,6328,44664,0,10,0,1,11,0,1,0,1,0,1,4912
0,1,1,58986302,625,42291,0,8,0,0,9,0,1,0,0,0,1,4491
0,1,1,22801416,0,1234,0,6,0,1,16,0,1,0,0,0,1,4965
0,1,1,20617221,146,4580,0,12,0,1,13,0,1,0,0,0,0,4773
0,1,1,25387162,166,3259,0,11,0,1,19,0,1,0,0,0,1,4709
0,1,1,24049513,123,38,0,10,0,0,11,0,0,0,0,1,0,4950
0,1,1,20088911,475,6580,0,11,0,0,12,0,1,1,0,1,1,4958
0,1,1,28504537,1,5301,0,11,0,1,13,0,1,0,0,0,1,4615
0,1,1,48113503,1797,69521,0,10,0,1,16,0,1,0,0,0,1,4526
0,1,1,17061730,771,10720,0,6,0,0,14,0,0,0,0,0,1,5013
0,1,1,30479180,235,67809,0,15,0,0,5,0,1,0,0,0,1,4921
0,1,1,26849503,67,14483,0,15,0,0,19,0,1,0,0,0,1,4960
0,1,1,30938894,1938,3692,0,9,0,0,4,0,0,0,0,0,1,4443
0,1,1,42872344,74,58342,0,6,0,0,14,0,1,0,0,0,1,4662
0,1,1,23756058,779,9488,0,8,0,0,8,0,1,0,0,0,1,5018
0,1,1,21867713,188,10812,0,11,0,1,12,0,1,0,0,0,0,5009
0,1,1,17556661,0,23741,0,9,0,0,13,0,1,0,0,1,1,4730
0,1,1,16654157,48,3023,0,5,0,0,18,0,1,0,3,0,1,4222
0,1,1,18960034,1,4700,0,9,0,1,10,0,1,0,0,0,1,4848
0,1,1,31878438,208,1934,0,9,0,0,2,0,0,0,0,0,1,4461
0,1,1,32220354,0,4650,0,10,0,0,11,0,1,0,0,0,1,4602
0,1,1,44574862,28,43173,0,15,0,1,11,0,1,0,0,0,1,4561
0,1,1,17899770,1034,15712,0,7,0,0,8,0,1,0,0,0,1,4884
0,1,1,15720258,9,22,0,7,0,1,7,0,1,0,0,0,0,4925
0,1,1,19760881,655,13143,0,12,0,0,13,0,1,0,0,0,1,5247
0,1,1,14872459,582,18766,0,12,0,1,13,0,1,0,0,0,1,5143
0,1,1,17144714,796,45450,0,12,0,0,13,0,1,0,0,0,1,5281
0,1,1,19632229,236,2740,0,11,0,1,17,0,1,0,0,0,1,4558
0,1,1,16916509,18216,26691,0,11,0,1,11,0,1,0,0,0,0,4953
0,1,1,11974887,1430,8922,0,7,0,0,9,0,0,0,0,1,1,4856
0,0,1,19383988,0,23296,0,14,0,1,15,0,0,0,0,1,1,4336
0,1,1,32446002,109,9667,0,13,0,1,7,0,1,1,0,0,1,4494
0,1,1,12284078,208,11011,0,13,0,0,14,0,1,0,0,0,0,5047
0,1,1,20560362,2783,42745,0,9,0,1,10,0,1,0,0,0,1,5671
0,1,1,19793882,4295,30950,0,13,0,1,14,0,1,0,1,1,1,4881
0,1,1,20228276,432,7700,0,12,1,0,12,0,1,0,0,1,1,4894
0,1,1,21099111,144,6204,0,12,0,1,10,0,1,0,0,0,1,4932
0,1,1,10861725,2328,1965,0,11,0,1,12,0,1,1,0,0,1,3980
0,1,1,17215735,539,3348,0,11,0,1,12,0,1,3,0,1,1,4189
0,1,1,20606936,1485,24913,0,7,0,1,12,0,1,2,0,0,1,4911
0,1,1,14153577,479,7386,0,7,0,0,8,0,1,5,0,1,0,4953
0,0,1,15550034,696,52718,0,11,0,0,12,0,0,0,0,0,1,4863
0,1,1,40353913,964,14289,0,11,0,1,12,0,1,0,0,0,1,4288
0,1,1,14556226,1073,59895,0,13,0,1,15,0,1,0,0,0,0,4860
0,1,1,17274898,407,86842,0,13,0,1,14,0,1,0,0,0,1,5310
0,1,1,18381527,0,2136,0,8,0,0,12,0,0,0,0,0,1,4445
0,1,1,13924004,220,28935,0,10,0,0,11,0,1,0,0,0,1,4911
0,1,1,27325101,66,665,0,15,0,0,16,0,1,0,0,0,1,4660
0,1,1,10320614,185,2331,0,12,0,0,13,0,1,0,0,0,1,4239
0,1,1,25491822,119,3425,0,14,0,0,14,0,1,5,0,0,1,4707
0,1,1,32088774,87,6107,0,8,0,1,14,0,1,0,0,0,1,4622
0,1,1,27886621,534,22299,0,14,0,0,8,0,1,0,0,0,1,5023
0,1,1,13312816,549,12594,0,11,0,1,12,0,1,0,0,0,1,4881
0,1,1,20366915,758,3141,0,12,0,0,12,0,1,0,0,0,1,4322
0,0,1,15103951,109,1822,0,8,0,1,9,0,1,0,0,0,1,3889
0,1,1,9543752,74130,7206,0,14,0,0,16,0,1,0,0,0,1,4953
0,1,1,11164912,657,16857,0,12,0,0,13,0,1,0,0,1,1,5003
0,1,1,11538056,766,13030,0,6,0,1,6,0,1,0,0,0,0,4863
0,0,1,592,0,0,0,8,0,1,13,0,1,1,0,0,0,1577
0,0,1,6950,0,0,0,8,0,1,18,0,1,1,0,0,1,2104
0,1,1,11407817,317,22520,0,8,0,1,8,0,1,0,0,0,1,5062
0,1,1,15934670,875,10370,0,4,0,1,4,0,1,1,0,0,1,5072
0,1,1,15355464,248,36237,0,11,0,0,12,0,1,0,0,0,1,5644
0,0,1,76,6,1,0,15,0,0,13,0,1,0,0,0,1,3271
0,1,1,16136017,23,948,0,8,0,0,9,0,1,0,0,0,1,4854
0,1,1,20574876,513,72690,0,11,1,1,14,0,0,0,0,0,1,4275
0,1,1,12011212,536,6310,0,5,0,1,16,0,1,0,0,0,1,4891
0,1,1,45419017,27,41550,0,11,0,0,12,0,1,0,0,0,0,4924
0,1,1,11952324,614,15953,0,10,0,1,9,0,0,2,0,1,1,4572
0,1,1,15124521,1534,71978,0,12,0,0,13,0,1,0,9,0,1,4994
0,1,1,15962272,259,2406,0,6,0,1,10,0,1,0,0,1,0,4579
0,1,1,14134015,621,6342,0,9,0,0,10,0,1,0,0,0,0,4834
0,1,1,11654996,532,610,0,10,0,1,11,0,1,0,0,0,0,4426
0,1,1,16759986,390,26708,0,7,0,1,14,0,1,0,0,0,1,4257
0,1,1,19326879,49,7087,0,13,0,1,15,0,1,0,0,0,1,5136
0,1,1,15400151,149,5231,0,15,0,0,17,0,1,2,0,1,1,4543
0,1,1,9880586,1667,21873,0,15,0,1,16,0,1,0,0,0,1,4855
0,1,1,17264046,635,6843,0,6,0,1,14,0,1,0,0,0,1,4828
0,1,1,8225947,647,381,0,12,0,0,13,0,1,0,0,0,1,4802
0,1,1,24341248,3,6746,0,8,0,0,10,0,1,0,0,0,1,4996
0,1,1,8956271,69217,42620,0,12,0,1,13,0,1,0,0,0,1,4392
0,1,1,11797674,56,4091,0,15,0,0,16,0,1,0,0,0,1,4421
0,1,1,19035887,292,2925,0,15,0,0,15,0,1,0,0,0,0,4198
0,1,1,13630711,3380,14693,0,9,0,1,13,0,1,0,1,0,1,4953
0,1,1,8576510,109,10352,0,12,0,1,13,0,1,0,0,0,1,4705
0,1,1,8583522,1718,6662,0,11,0,0,12,0,1,0,0,0,1,4701
0,1,1,15841661,146,3166,0,11,0,1,10,0,1,0,0,0,1,4089
0,1,1,11379870,250,36105,0,13,0,0,14,0,1,0,0,0,1,5038
0,1,1,15939189,87,23265,0,12,1,0,14,0,1,0,1,0,1,4910
1,0,1,10,10,131,0,14,1,0,1,0,0,0,0,0,1,1672
0,1,1,9894065,770,8509,0,5,0,1,5,0,1,0,0,0,0,4930
0,0,1,6814779,1351,5782,0,5,0,1,5,0,1,0,0,0,1,5000
0,1,1,9907535,0,10151,0,11,0,0,14,0,1,0,0,0,1,4848
0,1,1,51727960,65,2716,0,8,0,1,11,0,1,0,0,0,1,4783
0,1,1,8058560,156,20958,0,7,0,1,8,0,1,0,0,0,1,4911
0,1,1,8546068,471,32222,0,11,0,0,12,0,1,0,0,0,0,4884
0,1,1,14831765,1447,53847,0,15,0,0,17,0,1,0,0,1,1,4960
0,1,1,38092044,81,4803,0,9,1,0,16,0,1,0,0,0,1,4553
0,1,1,9179401,4015,23861,0,10,0,1,11,0,1,0,0,0,0,5598
0,0,1,8116,3,20990,0,15,1,0,13,0,0,0,0,0,1,2949
0,1,1,12421313,447,2521,0,12,0,1,12,0,1,0,1,1,0,4552
0,1,1,13680759,521,833,0,14,0,1,15,0,1,0,0,0,1,5016
0,1,1,9795101,2393,24659,0,6,0,0,6,0,1,0,1,0,1,5659
0,1,1,11334674,811,7528,0,11,0,1,12,0,1,0,0,0,1,4250
0,1,1,9986996,414,5968,0,13,0,0,19,0,1,0,0,0,0,4420
0,1,1,12649623,37,11513,0,6,0,0,6,0,0,0,0,0,1,5042
0,1,1,10669828,1099,4924,0,8,0,1,17,0,1,2,0,0,1,4099
0,1,1,9942151,85,11464,0,8,0,0,16,0,1,0,0,0,0,4652
0,1,1,14185377,2189,21266,0,7,0,1,8,0,1,0,1,0,1,5054
0,1,1,12519936,27303,29444,0,4,0,1,19,0,0,0,0,0,1,4229
0,1,1,9958915,0,7585,0,10,0,0,11,0,1,0,0,0,1,5609
0,1,1,14882217,510,1906,0,10,0,0,11,0,1,1,0,0,0,3564
0,1,1,9931599,918,19304,0,11,0,0,11,0,0,0,0,0,1,4833
0,1,1,15547536,403,33783,0,14,0,0,17,0,1,0,0,0,1,4722
0,1,1,11462496,2382,25366,0,11,0,1,12,0,1,0,0,0,1,4814
0,1,1,7677085,307,7180,0,13,0,0,14,0,1,0,0,0,0,5611
0,1,1,9313843,201,1082,0,15,1,1,16,0,1,0,0,0,1,4304
0,1,1,13191926,958,20456,0,12,0,0,13,0,1,0,0,0,0,4851
0,1,1,6749866,68046,34146,0,11,0,1,12,0,1,1,0,0,1,4752
0,1,1,9820930,317,12131,0,9,0,1,10,0,1,0,1,0,0,4954
0,0,1,8894687,359,24232,0,10,0,1,11,0,1,0,0,0,1,4989
0,1,1,8694770,201,2426,0,11,1,1,10,0,1,0,0,1,1,4089
0,1,1,19034697,142,1715,0,12,0,1,11,0,1,2,0,0,1,3715
0,1,1,13988455,463685,7320,0,8,0,1,9,0,1,0,2,0,1,4536
0,1,1,11568052,777,10572,0,13,0,1,14,0,1,0,0,0,1,4867
0,1,1,14337487,411,2869,0,7,0,1,7,0,1,0,0,0,1,5014
0,1,1,15777491,397,65362,0,8,0,0,6,0,1,1,3,1,1,4203
0,1,1,6943551,11445,7053,0,15,0,1,16,0,1,0,0,0,1,4947
0,1,1,13774289,1542,16764,0,10,0,0,11,0,1,1,1,1,1,5042
0,1,1,6818730,907,17914,0,11,0,1,19,0,1,3,2,0,1,4631
0,0,1,12917401,9,46586,0,13,1,0,20,1,0,0,0,0,1,4758
0,1,1,8858815,546,2812,0,11,0,1,11,0,1,5,2,0,1,3963
0,1,1,6455844,9557,6497,0,9,0,1,10,0,1,0,0,0,1,4361
0,1,1,6212232,300,2918,0,14,0,1,15,0,1,1,0,0,1,4931
0,1,1,15503204,160,25735,0,10,0,1,11,0,1,0,0,0,0,3913
0,1,1,7499672,304,3894,0,14,0,1,14,0,1,0,0,0,1,4266
0,1,1,9266028,435,59186,0,14,0,0,16,0,1,1,0,0,1,4840
0,1,1,11796225,26531,34907,0,9,0,1,10,0,1,0,0,0,1,4030
0,1,1,9281751,398,3439,0,14,0,0,15,0,1,0,1,0,1,4884
0,1,1,12132976,1814,20430,0,15,0,1,15,0,1,0,0,0,1,4928
0,1,1,15489331,97,7976,0,12,0,0,13,0,1,0,0,0,1,4834
0,1,1,4881928,4070,12017,0,4,0,1,6,0,1,0,0,0,1,4966
0,1,1,6136896,20,3014,0,13,0,1,18,0,1,0,0,0,1,4154
0,1,1,5947475,423,36400,0,6,0,0,14,0,1,0,0,0,1,4936
0,1,1,10276653,316,77733,0,13,0,0,15,0,0,0,0,0,0,3692
0,1,1,12786714,511,12398,0,11,0,0,12,0,1,1,0,1,1,4818
0,1,1,8083781,803,6426,0,15,0,1,13,0,1,0,0,1,1,4853
0,1,1,5728314,655,4388,0,14,0,1,15,0,0,0,0,0,0,4799
0,1,1,5586190,1,16235,0,9,0,0,9,0,1,0,0,0,1,5022
0,0,1,8384976,0,13307,0,14,0,1,1,0,0,0,0,0,0,3995
0,1,1,6448890,7230,16845,0,12,0,1,5,0,1,0,1,0,1,4943
0,1,1,11849769,3017,242,0,12,0,1,13,0,1,0,0,0,0,5024
0,1,1,12652777,978,26576,0,14,0,0,15,0,1,1,0,0,0,5535
0,1,1,11790901,59,12329,0,5,0,0,5,0,1,2,1,1,1,4935
0,1,1,8734918,397,965,0,15,0,1,12,0,1,0,0,1,1,5256
0,1,1,9416425,439,8588,0,11,0,1,12,0,1,0,0,0,1,4534
0,1,1,6958497,1706,14479,0,12,0,1,17,0,1,0,0,0,1,4926
0,1,1,6726792,571,20801,0,12,0,1,13,0,0,0,0,0,0,4998
0,1,1,11528064,724,22527,0,9,0,0,13,0,1,1,0,0,1,4498
0,1,1,7833598,488,7857,0,15,0,1,16,0,1,0,0,0,1,4883
0,1,1,10193003,18627,9494,0,8,0,1,13,0,1,0,0,0,1,3993
1,0,1,13,1,0,0,14,0,0,13,0,0,0,0,0,1,3843
0,1,1,9899263,318,18384,0,14,0,0,15,0,1,0,0,0,1,5219
0,1,1,9221421,1346,14510,0,12,0,1,13,0,1,0,0,0,1,4918
0,1,1,12614839,399,9421,0,12,0,1,13,0,1,2,0,0,1,4676
0,1,1,5565653,34016,230,0,15,0,0,16,0,1,0,0,0,1,5197
0,1,1,15036634,788,20909,0,13,1,0,13,0,1,0,0,0,1,4579
0,1,1,6492454,6986,77161,0,11,0,0,18,0,1,0,0,0,1,4860
0,1,1,7291997,287,7321,0,10,0,0,16,0,1,0,1,0,1,4988
0,1,1,7631216,65,1648,0,14,0,1,16,0,1,0,0,0,1,4650
0,1,1,9214074,720,19715,0,3,0,1,4,0,1,1,1,0,1,4607
0,1,1,5504768,545,364667,0,11,0,1,12,0,1,1,0,1,1,5007
0,1,1,6363231,7025,23537,0,12,0,1,13,0,1,0,0,0,1,5105
0,1,1,9296262,930,5081,0,13,0,1,8,0,1,0,0,0,1,4931
0,1,1,10473983,34,4937,0,14,1,1,16,0,1,0,0,0,1,5068
0,1,1,21665392,223,5614,0,7,0,0,10,0,1,0,0,0,1,4426
0,1,1,14786407,498,24553,0,11,0,0,18,0,0,0,0,0,1,4417
0,1,1,21279773,1676,58293,0,7,0,1,7,0,1,0,0,0,1,4503
0,1,1,7181000,895,33535,0,10,0,1,11,0,1,1,0,0,1,4753
0,1,1,7112566,730,10113,0,14,0,0,15,0,1,0,0,0,1,4829
0,1,1,12644826,294,14378,0,10,0,1,11,0,1,0,0,0,0,4960
0,1,1,11823029,854,7994,0,11,0,0,12,0,1,0,0,0,1,4947
0,1,1,15016516,28,4227,0,15,0,1,12,0,1,0,0,0,0,4943
0,1,1,11786324,3777,14747,0,11,0,0,14,0,1,0,0,0,1,4826
0,1,1,7605321,1491,10681,0,10,0,1,11,0,1,0,0,0,1,4504
0,1,1,7311984,1346,22601,0,14,0,1,15,0,1,0,0,1,1,4657
0,1,1,23309306,118,4707,0,13,0,1,14,0,1,0,0,0,1,4840
0,1,1,7213144,1329,1712,0,13,0,0,17,0,1,0,0,0,0,4939
0,1,1,6163437,1,1882,0,4,0,1,4,0,1,0,0,0,1,4950
0,1,1,5226923,61,4785,0,10,1,0,10,0,1,0,0,1,0,5014
0,1,1,7008761,147,7476,0,10,0,0,11,0,1,0,0,0,1,4775
0,1,1,7502201,1599,32103,0,12,0,1,13,0,1,3,0,0,1,5108
0,1,1,19739221,731,4372,0,11,0,1,12,0,1,0,0,0,0,4511
0,1,1,5463083,2294,11193,0,12,0,0,14,0,1,1,0,1,0,4889
0,0,1,444,1,552,0,13,0,1,14,0,1,0,0,0,1,148
0,1,1,8082569,377,1839,0,10,0,1,17,0,1,0,0,0,1,4139
0,1,1,12505632,169,16618,0,13,1,0,13,0,1,0,0,0,1,4874
0,1,1,7027154,14281,15161,0,9,0,1,10,0,1,0,0,0,0,3993
0,1,1,8829750,476,2624,0,5,1,1,29,0,1,1,0,0,1,3757
0,1,1,13968159,1039,15472,0,10,1,0,12,0,1,0,0,0,1,4814
0,1,1,4814647,2139,24120,0,12,1,0,8,0,1,0,0,0,1,4932
0,1,1,7765640,623,13231,0,14,0,0,15,0,1,1,0,0,0,4997
0,1,1,6985997,165,2422,0,10,0,0,10,0,0,0,0,0,1,4459
0,1,1,6670691,23,2798,0,11,0,1,12,0,1,0,0,1,1,4659
0,1,1,5607214,937,7381,0,14,0,1,6,0,1,0,0,0,1,4232
0,1,1,17328302,116,1736,0,11,0,1,11,0,1,2,0,0,1,4351
0,1,1,14625795,237,8994,0,15,0,1,16,0,1,1,0,0,1,4918
0,1,1,18015592,5,927,0,14,0,1,16,0,1,0,0,0,1,4861
0,1,1,6442611,223,382,0,9,1,1,15,0,1,0,0,0,1,4372
0,1,1,6770152,425,5000,0,9,0,0,10,0,1,0,0,1,1,5093
0,1,1,6956646,49989,10860,0,9,0,1,10,0,1,0,0,0,1,4860
0,1,1,12265141,511,4132,0,13,0,0,14,0,1,1,0,0,1,4960
0,1,1,10718820,373,14704,0,14,0,0,15,0,1,0,0,0,1,4945
0,1,1,6285998,1799,29750,0,9,0,1,9,0,1,0,0,0,0,4898
0,1,1,7819671,13210,5969,0,10,0,0,11,0,1,0,0,0,0,4828
0,1,1,9391856,2069,103715,0,11,0,1,20,0,1,5,2,0,1,4791
0,1,1,7920338,199,7972,0,14,0,1,15,0,1,0,0,0,1,3857
0,1,1,6161869,290,26712,0,9,0,0,12,0,1,0,0,0,1,4880
0,1,1,6582315,47,44967,0,9,0,1,17,0,0,0,0,0,1,4208
0,1,1,6633364,128,4591,0,14,0,1,15,0,1,0,0,0,1,4211
0,1,1,9910660,12,21834,0,15,0,1,18,0,1,0,0,0,1,4591
0,1,1,10872293,2537,13901,0,8,0,1,12,0,1,1,0,0,1,4345
0,1,1,10094266,14036,12809,0,11,0,1,16,0,0,0,0,0,1,3993
0,1,1,6311485,672,18570,0,13,0,0,14,0,1,0,0,0,1,4987
0,1,1,14711907,519,1475,0,13,0,0,14,0,1,1,0,0,0,3990
0,1,1,8038624,1925,434856,0,11,0,0,20,0,1,0,4,1,1,4288
0,1,1,12214589,432,38884,0,12,0,0,10,0,1,2,0,0,1,4791
0,1,1,9334031,435,27076,0,9,0,0,14,0,1,0,0,0,1,4810
0,1,1,20097902,214,42080,0,11,0,1,11,0,1,1,0,0,1,4764
0,1,1,22182782,17,2051,0,13,0,1,14,0,1,0,1,0,1,3985
0,1,1,6220931,318,7149,0,10,0,0,13,0,1,0,0,1,1,4840
0,1,1,6216657,743,9584,0,9,0,0,17,0,1,0,0,0,1,4805
0,1,1,4421620,342,5504,0,8,0,0,10,0,1,0,0,0,1,5003
0,1,1,10483483,568,6621,0,12,0,0,6,0,1,0,0,0,1,4389
0,1,1,9090393,862,3887,0,14,0,1,17,0,1,0,0,0,0,4765
0,1,1,5011974,340,10961,0,13,0,1,18,0,1,0,0,0,1,4954
0,1,1,4643920,42011,4440,0,3,0,0,15,0,1,2,0,1,1,5567
0,1,1,6961415,5438,6502,0,12,0,0,13,0,0,0,0,0,1,4225
0,0,1,4987391,53,61370,0,15,0,1,15,0,1,0,0,0,1,4242
0,1,1,11044467,14,19760,0,9,0,0,10,0,1,0,0,1,1,4798
0,1,1,11419667,1494,17361,0,8,0,1,8,0,1,1,1,0,1,4987
0,1,1,6854257,824,16048,0,9,0,0,9,0,0,0,0,0,1,5076
0,1,1,6507607,1668,14359,0,7,0,1,8,0,1,1,0,0,1,4940
0,1,1,6031348,105,7803,0,10,0,0,16,0,1,0,0,0,1,4901
0,1,1,5441641,1155,28399,0,4,0,1,8,0,1,0,0,0,1,4881
0,1,1,4668489,5795,30562,0,10,0,1,11,0,1,0,0,0,1,5002
0,0,1,1011,8,104,0,7,0,0,19,0,0,0,0,0,0,2618
0,1,1,5970951,104,5643,0,9,0,1,10,0,1,0,0,0,1,4851
0,1,1,6799901,248,6194,0,14,0,0,15,0,1,0,0,1,1,4916
0,1,1,1125036,120,526,0,10,0,1,12,0,1,3,0,0,1,4988
0,1,1,6232496,994,32721,0,9,0,1,10,0,1,0,0,0,0,4145
0,0,1,5781335,142,9744,0,11,0,0,19,0,0,0,0,0,1,4888
0,1,1,6783139,419,91309,0,11,0,1,12,0,1,0,0,1,1,4512
0,1,1,7421808,953,42733,0,13,0,1,16,0,1,0,0,0,1,4809
0,1,1,11518094,918,20983,0,11,0,0,12,0,1,0,0,0,1,4960
0,0,1,287,0,1,0,15,0,0,15,0,1,0,0,0,1,584
0,1,1,7902573,1244,206,0,9,0,1,3,0,1,0,0,0,0,4964
0,1,1,14177606,261,2778,0,7,1,1,12,0,1,3,0,0,1,4226
0,1,1,8027057,631,3132,0,9,0,0,16,0,1,2,0,1,0,4538
0,1,1,6662416,31,1366,0,10,0,1,11,0,1,0,0,0,0,4922
0,1,1,5897096,413,6859,0,9,0,1,10,0,1,0,0,0,1,4497
0,1,1,4780763,1701,3199,0,12,0,1,13,0,1,0,1,1,1,4964
0,1,1,5185523,1735,9931,0,10,0,0,11,0,0,0,1,0,1,4652
1,0,1,1,1,0,0,9,0,1,10,0,1,0,0,0,1,85
0,1,1,9678328,808,15186,0,10,0,1,5,0,1,0,0,0,0,4918
0,1,1,5839580,124,6511,0,10,0,0,11,0,1,0,0,0,1,5006
0,1,1,4518021,153,4421,0,10,0,1,11,0,1,0,0,0,1,4381
0,1,1,20584507,1693,7692,0,7,0,1,14,0,1,2,0,0,1,4597
0,1,1,12103130,27,180,0,10,0,1,13,0,1,0,0,0,1,4204
0,1,1,7774771,285,21868,0,15,0,0,4,0,0,0,0,0,0,4618
0,1,1,8554126,8,4802,0,7,0,1,8,0,1,0,0,1,1,3736
0,1,1,6879300,332,2476,0,14,0,1,13,0,1,0,0,0,1,4823
1,0,1,2,2,21,0,8,0,1,1,0,0,0,0,0,1,2357
0,0,1,4282709,0,13074,0,10,0,0,19,0,1,0,1,0,1,4639
0,1,1,4936467,9682,26725,0,5,0,0,13,0,1,1,0,0,1,5060
0,1,1,6633986,440,19601,0,8,0,0,9,0,1,0,0,0,1,4931
0,1,1,4155640,971,9522,0,14,0,0,15,0,1,2,0,0,1,4906
0,1,1,5318734,101,2422,0,13,0,0,16,0,1,0,0,0,1,4566
0,1,1,5700182,256,12847,0,10,0,1,11,0,1,0,0,0,1,5423
0,1,1,5527353,136,128353,0,9,0,0,18,1,1,0,0,1,1,5104
0,1,1,6623612,305,18228,0,11,0,1,12,0,1,0,0,0,1,4805
0,1,1,8256089,450,6000,0,15,0,0,16,0,1,0,0,0,1,4020
0,1,1,5239443,897,30460,0,9,0,0,19,1,1,0,0,0,1,4939
0,1,1,4569805,859390,14803,0,7,0,0,13,0,1,0,0,0,1,5063
0,0,1,4733188,316,27671,0,11,1,0,2,0,1,0,0,0,0,4826
0,1,1,9212031,769,3992,0,10,0,1,14,0,1,1,0,0,1,4238
0,1,1,5214459,1127,36769,0,10,0,0,11,0,0,1,0,0,1,4699
0,0,1,5595697,897,19173,0,10,0,1,20,0,1,0,0,0,1,4741
0,1,1,5295371,820,74224,0,11,0,0,21,1,0,0,0,1,1,5309
0,1,1,4653461,841,72,0,9,0,0,10,0,1,0,0,0,1,5049
0,1,1,5659591,789,34017,0,11,0,1,12,0,1,7,0,0,1,4921
0,1,1,5057437,206,2008,0,12,0,1,12,0,1,0,0,0,1,4568
0,1,1,5008119,1836,34521,0,7,0,0,7,0,1,1,0,0,0,5007
0,1,1,5193902,628,21764,0,11,0,0,7,0,1,0,0,1,1,4738
0,1,1,7544104,718,59339,0,14,0,0,15,0,1,0,0,0,1,4921
0,1,1,8497330,33,480,0,7,0,0,20,0,1,0,0,0,1,4699
0,1,1,8008448,2098,150790,0,11,0,0,12,0,1,0,0,0,1,4344
0,1,1,5899994,1199,14233,0,8,0,1,8,0,1,0,0,0,0,5019
0,1,1,23112939,139,12332,0,14,0,0,15,0,1,2,0,0,1,4699
0,1,1,9957425,112,21689,0,12,0,0,14,1,1,0,0,0,1,4890
0,1,1,4603226,220,8783,0,7,0,0,19,0,1,0,0,0,1,4710
0,1,1,5224668,3099,59128,0,10,1,1,10,0,1,1,0,1,1,4484
0,1,1,8656943,624,17176,0,13,0,1,7,0,0,0,0,0,1,5601
0,1,1,8502819,928,6619,0,3,0,1,10,0,1,2,0,0,1,4843
0,1,1,4694988,187,3304,0,12,0,0,10,0,1,0,0,0,1,4544
0,1,1,4688077,161,3535,0,14,0,1,13,0,1,1,0,0,1,4348
0,0,1,1410,2,270,0,13,1,0,4,0,1,0,0,0,1,2190
0,1,1,9370201,664,3309,0,15,0,0,14,0,1,0,0,0,1,4114
0,1,1,7611935,1238,5594,0,10,0,0,3,0,1,0,0,0,1,3882
0,1,1,12727201,390,1994,0,10,0,1,13,0,1,0,0,0,0,3622
0,1,1,5828529,431,168382,0,10,0,0,11,0,1,0,0,1,1,4903
0,1,1,6699516,1,11274,0,15,0,1,19,0,0,0,0,1,0,4208
0,0,1,5409579,188,61018,0,12,0,0,12,0,1,1,0,0,1,4555
0,1,1,5409805,4641,45537,0,7,0,1,17,0,1,2,1,0,1,4502
0,1,1,5420591,67,164,0,11,0,1,12,0,1,0,0,0,1,3881
0,1,1,14839000,28,7871,0,9,0,0,19,0,1,0,0,0,1,5000
0,1,1,5084956,61,10445,0,12,0,0,21,0,1,2,0,0,1,4951
0,1,1,4503444,1503,60453,0,12,0,1,13,0,1,0,0,0,1,4835
0,1,1,3903073,1,19684,0,12,0,1,7,0,1,0,0,0,1,4959
0,0,1,6533769,441,37820,0,12,0,1,11,0,1,1,0,0,1,4871
0,1,1,11495280,10,3213,0,7,0,0,8,0,1,0,3,0,1,4868
0,1,1,26662946,54055,15473,0,11,0,1,12,0,1,0,0,0,0,4032
0,1,1,4600941,2581,23253,0,13,0,0,12,0,1,0,0,1,1,4910
0,1,1,2443958,565,171456,0,13,0,1,15,0,0,0,0,0,0,3842
0,1,1,15553407,803,761,0,10,0,0,13,0,1,0,0,0,0,5323
0,1,1,4758257,38,6227,0,9,1,0,9,0,1,0,1,0,1,5161
0,1,1,5067055,1500,56698,0,11,0,1,11,0,1,0,2,0,0,4727
0,1,1,5774280,252,12207,0,14,0,1,12,0,1,0,0,0,1,4574
0,1,1,6247745,9739,12805,0,10,0,1,12,0,1,2,0,0,1,3948
0,1,1,6321522,2595,27188,0,4,0,1,4,0,1,0,0,0,1,5054
0,1,1,4505634,189,20507,0,11,0,1,13,0,1,2,1,1,1,4787
0,1,1,11344682,319,28987,0,8,0,1,16,0,1,2,0,0,1,4830
0,0,1,131,1,0,0,13,0,1,10,0,1,1,0,0,1,63
0,1,1,5608205,1037,87505,0,8,0,1,9,0,1,0,0,0,1,4912
0,1,1,4772202,414,23146,0,14,0,1,14,0,1,1,0,0,1,4860
0,1,1,6347327,1016,3838,0,10,0,1,11,0,1,0,0,0,1,4463
0,1,1,472970,1388522,137620,0,14,0,0,16,0,1,0,17,0,1,2303
0,0,1,4555519,698,55503,0,8,0,0,13,0,1,0,0,0,1,4781
0,1,1,3663670,36277,28345,0,8,0,1,10,0,1,0,0,0,1,4692
0,1,1,8666857,50,49020,0,12,0,1,6,0,1,0,0,1,0,4689
0,1,1,5779172,275,31011,0,13,0,0,5,0,1,2,1,0,1,4486
0,1,1,3996813,30,2089,0,11,0,1,12,0,1,0,0,0,1,4941
0,1,1,5506116,81,7256,0,12,0,1,13,0,1,0,0,0,1,4953
0,1,1,9969409,3640,62438,0,12,0,1,13,0,1,0,0,1,1,4852
0,1,1,8613048,1352,46071,0,11,0,1,15,0,1,1,0,0,1,3912
0,0,1,6922773,179,3785,0,8,0,1,13,0,1,1,0,1,1,4866
0,0,1,6,2,0,0,15,1,1,13,0,1,0,0,0,1,579
0,1,1,3550784,5267,46534,0,12,0,1,13,0,1,0,0,0,1,5003
0,0,1,4947106,1349,88425,0,11,0,0,10,0,0,0,0,0,1,4665
0,1,1,4448376,675,21882,0,11,0,0,11,0,1,0,0,0,1,5001
0,1,1,5555331,197,2251,0,12,0,0,13,0,1,0,2,1,1,4733
0,1,1,10146475,46,2252,0,10,0,1,17,0,1,0,0,0,1,4910
0,0,1,4074523,41,5033,0,9,0,0,11,0,1,0,0,0,1,4703
0,1,1,8586137,119,45028,0,10,0,0,11,0,1,0,0,0,0,3922
0,0,1,31,0,5,0,13,0,0,31,0,0,0,0,0,1,983
0,1,1,7348266,487,5485,0,13,0,1,14,0,1,0,0,0,1,4248
0,0,1,7323930,194,1656,0,12,0,0,11,0,1,0,0,0,0,4054
0,1,1,15868644,54,3745,0,9,0,0,10,0,1,0,0,0,1,4803
0,1,1,4064528,5683,58926,0,14,0,0,11,0,1,0,0,0,1,4841
0,1,1,4898715,608,4022,0,11,0,1,12,0,1,0,0,1,1,4537
0,1,1,7691984,963,54798,0,11,1,0,12,0,0,0,0,1,0,3756
0,1,1,4814144,170,7083,0,11,0,0,13,0,1,0,0,0,1,4867
0,1,1,4088834,4231,18515,0,10,0,1,11,0,1,0,1,0,0,4019
0,1,1,6483513,140,7775,0,15,0,1,20,0,1,1,0,1,1,4615
0,1,1,7616774,21,2993,0,12,0,0,16,0,1,1,0,0,1,4462
0,1,1,3180457,7,2624,0,9,0,1,10,0,1,1,1,1,1,4841
0,1,1,4564432,9736,13133,0,8,0,0,9,0,1,0,0,0,1,4973
0,1,1,3218017,1980,9518,0,11,0,0,4,0,1,0,0,1,0,5360
0,1,1,5566650,1070,23630,0,15,0,1,16,0,1,2,1,1,1,4533
0,1,1,6682165,137,2495,0,10,0,0,11,0,1,0,0,0,1,4828
0,1,1,4277478,366,15707,0,8,0,0,15,0,1,0,0,1,1,4900
0,1,1,6645723,159,12328,0,13,0,0,12,0,1,0,0,0,1,4642
0,1,1,4384419,629,5060,0,8,1,0,3,0,1,0,0,0,0,3715
0,1,1,9285485,950,7557,0,14,0,1,15,0,1,0,0,0,1,4126
0,1,1,3075016,0,107,0,13,0,0,13,0,0,0,0,0,1,4909
0,1,1,3715089,1389,10849,0,8,1,1,8,1,1,0,1,1,1,4954
0,1,1,3360447,2031,16108,0,13,0,1,6,1,1,0,0,0,1,4890
0,1,1,4222723,1406,35821,0,11,0,1,12,0,1,0,0,0,0,4867
0,1,1,4327111,597,9360,0,11,0,0,12,0,1,0,0,1,0,4956
0,1,1,19722489,798,11248,0,13,0,1,12,0,1,0,0,0,1,3409
0,1,1,7341040,1352,42570,0,13,0,0,14,0,0,0,0,1,1,4927
0,1,1,10254894,165,21858,0,10,0,1,11,0,1,0,1,0,0,4988
0,1,1,6272404,2417,1660,0,11,0,0,13,0,1,0,0,0,1,4196
0,1,1,4432838,237,10545,0,11,0,0,12,0,1,0,0,0,1,4720
0,1,1,4234374,417,14486,0,10,0,1,11,0,1,1,0,0,1,4945
0,1,1,4348404,45,939,0,13,0,0,14,0,1,0,0,0,0,4204
0,1,1,6056977,114,21106,0,15,0,0,14,0,1,0,0,0,0,4726
0,1,1,12896726,87,2229,0,12,0,0,13,0,1,0,0,0,0,3470
0,1,1,4897365,178,2592,0,8,0,1,9,0,1,3,0,0,1,4795
0,1,1,4987604,279,3094,0,12,0,1,16,0,1,0,0,1,1,4078
0,1,1,5299776,2564,27974,0,11,0,0,12,0,1,0,0,0,1,4759
0,1,1,6113352,1301,10821,0,13,0,0,14,0,1,0,0,0,1,5078
0,1,1,5062692,625,4548,0,10,0,0,11,0,1,0,0,0,1,4968
0,1,1,6777319,214,8676,0,11,0,0,19,0,1,0,1,0,1,4824
0,0,1,170,2,0,0,13,1,0,13,0,0,0,0,0,0,66
0,0,1,1445,2,67,0,12,0,1,25,0,1,3,1,0,1,714
0,1,1,7172283,633,24791,0,13,0,0,14,0,1,1,0,0,1,4838
0,1,1,4632490,1167,157263,0,8,0,1,7,0,1,4,0,1,0,4807
0,1,1,6208349,655,43530,0,11,0,0,11,0,1,0,0,0,1,4840
0,1,1,3767892,3791,34279,0,6,0,0,11,0,1,0,0,0,1,4986
0,1,1,15336042,55,447,0,14,1,1,14,0,0,3,0,0,1,3504
0,1,1,3647006,6486,32673,0,12,0,0,21,0,1,0,0,0,0,5111
0,1,1,5012712,679,100818,0,11,1,1,11,0,1,1,1,1,0,4785
0,1,1,4746914,744,32924,0,6,0,0,6,0,1,0,0,1,0,4895
0,1,1,5420970,2,5806,0,8,0,0,8,0,0,0,0,1,1,4881
0,1,1,3839802,41,305,0,12,0,0,13,0,1,0,2,1,1,4698
0,1,1,3908141,179,22489,0,8,0,1,13,0,1,0,0,0,1,4919
0,1,1,4391498,1,1071,0,9,0,0,11,0,1,0,0,0,1,4618
0,1,1,6899585,850,5512,0,15,0,1,6,0,1,0,0,0,1,4869
0,1,1,4352237,655,26258,0,11,0,0,19,0,1,0,0,0,0,4821
0,1,1,4896717,112,8076,0,9,0,0,18,0,1,0,0,0,1,4872
0,1,1,3091457,703,13459,0,14,0,0,15,0,1,2,0,0,1,5108
0,1,1,4209982,1984,2132,0,10,0,0,11,0,1,1,0,0,1,4228
0,1,1,4798411,207,82279,0,12,0,1,13,0,1,0,0,0,1,4796
0,1,1,5924315,1148,7625,0,10,0,0,14,0,0,0,0,0,1,4915
0,1,1,4073657,349,2201,0,12,0,0,11,0,1,0,0,0,1,4943
0,1,1,3990764,323,52378,0,12,0,1,20,0,1,0,0,0,1,4953
0,1,1,7836680,115,7636,0,11,0,1,12,0,1,0,0,1,1,4631
0,1,1,10557259,36,9496,0,12,0,1,18,0,1,0,1,0,1,4333
0,1,1,4028258,713,17272,0,7,0,1,15,0,1,1,0,0,0,4918
0,1,1,8835246,2115,5228,0,6,0,0,10,0,1,1,0,0,1,5141
0,1,1,3912123,865,21181,0,4,0,1,13,0,1,0,0,0,0,4902
0,1,1,6752512,1844,9136,0,10,0,0,7,0,1,0,0,0,1,4893
0,1,1,6414274,177,84721,0,10,0,1,11,0,1,0,0,0,1,5171
0,1,1,5600790,292,5029,0,12,0,1,15,0,1,0,0,0,1,4019
0,1,1,5085780,0,30686,0,8,0,1,6,0,1,0,0,0,1,4802
0,1,1,4292186,1182,54117,0,11,0,0,12,0,1,0,0,0,1,4715
0,0,1,488,0,0,0,13,0,1,6,0,1,0,0,0,1,886
0,1,1,6126395,171,5131,0,9,0,1,17,0,1,0,0,0,1,4602
0,1,1,3373544,659,19965,0,12,0,0,9,0,1,0,2,0,1,4975
0,1,1,8286620,8646,49496,0,11,0,0,33,0,0,0,0,1,1,4125
0,1,1,3266317,2413,8305,0,10,0,0,11,0,1,0,0,0,1,5280
0,1,1,4159674,489,14911,0,10,0,0,11,0,1,2,0,1,1,4636
0,1,1,6027230,15,745,0,11,0,0,12,0,1,0,0,0,1,4092
0,1,1,4724558,109,16081,0,11,0,0,12,0,1,1,0,0,1,4898
0,1,1,3909217,194,1924,0,8,0,0,4,0,1,3,0,0,1,4253
0,1,1,3380327,13286,1463,0,14,0,1,6,0,1,0,0,0,1,4420
0,1,1,5689846,15490,47928,0,7,0,0,11,0,0,0,0,0,1,4810
0,1,1,3301110,183,1216,0,11,0,0,13,0,1,4,0,0,1,4753
0,1,1,4822507,202,934,0,9,1,1,15,0,1,1,0,0,1,3993
0,1,1,4467439,11640,36355,0,6,0,1,17,0,1,1,0,0,0,5016
0,1,1,5044053,410,19017,0,8,0,0,10,0,0,0,0,0,1,4333
0,1,1,3088204,376,9316,0,11,0,1,12,0,1,0,0,0,1,4979
0,1,1,5475132,107,1605,0,13,0,0,11,0,1,0,0,0,1,4426
0,1,1,4874555,582,5596,0,11,0,0,9,0,1,0,0,0,1,4737
0,1,1,3526570,64,1218,0,12,0,1,15,0,1,0,0,0,0,3432
0,1,1,5525846,44,2872,0,11,0,1,12,0,1,0,0,0,0,5259
0,1,1,3502336,251,14247,0,11,0,1,12,0,1,3,1,0,1,4995
0,1,1,4295701,130,8123,0,11,0,1,12,0,1,0,0,0,0,4889
0,0,1,30,39,15,0,11,0,1,14,0,1,0,0,0,1,1185
0,1,1,7257240,94,23634,0,10,0,1,11,0,1,0,1,0,1,4984
0,1,1,4419844,32,7783,0,11,0,1,12,0,1,0,0,0,0,4781
0,1,1,3032494,173,9845,0,9,0,0,10,0,1,1,0,0,1,5272
0,1,1,3072070,358,29545,0,9,0,1,5,0,1,0,0,0,1,4694
0,1,1,14749496,9,3530,0,14,0,0,15,0,1,0,0,1,1,4500
0,1,1,4517741,372,4787,0,15,0,1,17,0,1,0,0,0,0,4576
0,0,1,3656533,177,3293,0,15,0,1,8,0,1,0,0,0,1,4492
0,1,1,3707626,12698,15542,0,11,0,0,12,0,1,0,0,0,1,4938
0,1,1,4459402,228,9857,0,10,0,0,3,0,1,1,0,0,1,4925
0,1,1,5842818,1297,30754,0,14,0,0,15,0,1,0,0,0,1,4890
0,1,1,5175299,449,7756,0,14,0,1,6,0,1,0,0,0,0,5386
0,1,1,10885950,296,19990,0,13,0,1,16,0,1,0,0,0,0,4828
0,1,1,3146841,9874,12469,0,15,0,1,11,0,1,2,0,0,1,4626
0,1,1,4874323,640,22155,0,13,0,0,13,0,1,1,0,0,0,4519
0,1,1,3158421,1376,8355,0,9,0,1,5,0,0,0,0,0,1,4947
0,1,1,4370418,990,68206,0,9,0,1,15,0,1,0,0,0,1,4952
0,1,1,2819305,3491,3541,0,11,0,1,14,0,1,0,0,0,1,4997
0,1,1,2983633,20,174,0,14,0,0,6,0,1,0,0,1,1,4634
0,0,1,2756255,1016,1723,0,14,0,1,14,0,1,0,0,0,1,3920
0,1,1,3271607,7152,184568,0,9,0,0,12,0,1,0,0,0,1,4893
0,1,1,5560360,277,2617,0,9,0,0,10,0,1,0,0,1,1,4285
0,1,1,3892298,151,1583,0,14,0,0,15,0,1,0,0,0,1,4200
0,1,1,2866945,668,24732,0,12,0,1,15,0,1,0,0,0,0,4960
0,1,1,7028720,1306,73898,0,13,0,0,14,0,0,0,0,0,1,4643
0,1,1,3718961,0,752,0,8,0,1,9,0,1,0,0,0,1,4684
0,1,1,5483373,447,6366,0,8,0,0,17,0,1,0,0,0,0,5080
0,0,1,552,0,0,0,13,0,1,12,0,1,0,0,0,1,1648
0,0,1,2521305,54,12,0,11,0,0,12,0,0,0,0,0,1,4272
0,1,1,4429689,833,38692,0,10,0,1,12,0,1,0,0,0,1,4853
0,1,1,5117816,250,31576,0,13,0,0,14,0,1,0,0,0,1,4597
0,1,1,4839431,418,13721,0,13,0,1,15,0,1,0,0,0,1,4909
0,1,1,3218522,69125,105705,0,8,0,1,9,0,1,0,14,0,1,5617
0,1,1,4623477,91,4736,0,14,0,0,15,0,1,0,0,1,1,4838
0,1,1,3752861,615,4543,0,6,0,1,6,0,1,0,0,0,1,4267
0,1,1,4119351,991,19015,0,7,0,1,7,0,1,0,1,1,1,4870
0,1,1,893348,2056,74535,0,13,0,0,14,0,1,0,0,0,1,4449
0,0,1,4175970,379,12835,0,10,0,0,8,0,1,2,0,0,1,4913
0,1,1,5811019,1153,40811,0,12,0,0,10,0,0,0,0,0,0,4255
0,1,1,2964158,4039,93,0,12,0,1,13,0,1,0,0,0,1,4853
0,1,1,4147052,992,44683,0,15,1,0,11,0,0,0,0,0,1,4568
0,1,1,3803247,455,13065,0,8,0,0,16,0,1,0,0,1,1,4900
0,1,1,10544806,4656,19978,0,6,0,0,19,0,1,0,0,0,1,5147
0,1,1,3417550,9966,83141,0,9,0,0,8,0,1,0,0,0,1,5245
0,1,1,4336679,844,21631,0,8,0,1,16,0,1,0,1,0,0,4812
0,1,1,4850171,35,4729,0,15,0,1,12,0,1,0,0,0,1,4205
0,1,1,5976296,397,10245,0,11,0,1,12,0,1,0,0,0,1,4824
0,1,1,2838210,410,5253,0,11,0,1,12,0,1,1,1,0,0,4898
0,1,1,2853183,86,7193,0,12,0,1,13,0,1,3,0,0,1,4918
0,1,1,4088436,351,1045,0,5,0,1,11,0,1,0,0,0,1,3841
0,0,1,3564240,233,3432,0,10,0,1,11,0,1,0,0,0,1,4868
0,1,1,5109148,755,31506,0,15,0,0,12,0,1,0,0,0,0,4813
0,1,1,3947078,137,860,0,9,0,1,11,0,1,0,0,1,0,3735
0,1,1,4185106,894,28288,0,11,1,1,10,0,1,1,0,0,1,4791
0,1,1,4165303,87,2653,0,9,0,1,10,0,0,0,0,1,1,4392
0,1,1,3422240,1886,89050,0,9,0,0,10,0,1,0,0,0,1,4585
0,1,1,2800661,265,27511,0,11,0,0,12,0,1,1,0,1,1,5032
0,1,1,3118019,6756,14608,0,12,0,1,11,0,1,1,0,0,1,4957
0,1,1,11063986,177,3275,0,9,0,1,10,0,1,5,0,0,0,4112
0,0,1,3929144,40,8468,0,13,0,0,16,0,1,0,0,0,1,4879
0,1,1,7442217,140,8525,0,11,0,1,11,0,0,2,0,0,1,4250
0,1,1,2940533,758,19222,0,14,0,1,15,0,1,1,0,0,1,4975
0,1,1,5090602,3,4232,0,9,0,0,6,0,1,0,0,1,1,4506
0,1,1,3374671,100412,29819,0,11,0,0,19,0,1,0,3,1,1,4918
0,1,1,3107331,220,24716,0,10,1,1,10,0,1,1,0,0,1,4258
0,1,1,4809064,137,7489,0,9,0,0,10,0,1,0,0,0,1,4233
0,1,1,4643910,992,29029,0,4,0,0,5,0,1,0,0,0,1,4953
0,1,1,3897927,872,10544,0,15,0,1,12,0,1,3,0,0,1,4625
0,1,1,4579431,111,158024,0,12,1,0,25,1,0,0,0,1,1,4078
0,1,1,3298555,737,7199,0,11,0,1,12,0,1,0,0,1,0,4940
0,1,1,3930820,972,31733,0,11,0,1,12,0,1,0,0,0,1,4957
0,1,1,2901957,1,1271,0,11,0,0,12,0,1,0,0,0,0,4940
0,1,1,3264369,602,12001,0,13,0,1,14,0,1,0,0,0,1,4924
0,1,1,3107753,562,6799,0,14,0,0,15,0,1,0,2,0,1,5001
0,1,1,2059724,4081373,183417,0,14,0,1,48,1,1,4,0,0,1,4918
0,1,1,7367709,2701,48217,0,14,0,0,12,1,0,0,0,0,0,4332
0,1,1,3397983,5,684,0,6,0,0,14,0,1,0,0,0,1,5530
0,1,1,4164142,328,21774,0,14,0,0,8,0,1,0,0,0,1,4979
0,1,1,6079868,1851,40076,0,9,0,0,9,0,0,1,1,0,1,4976
0,1,1,3267535,156,9302,0,15,0,1,14,0,1,0,1,1,1,4524
0,1,1,6849504,183,5698,0,11,0,1,20,0,0,0,0,0,0,4600
0,1,1,9415170,1826,11582,0,9,0,1,10,0,1,0,0,0,1,3944
0,1,1,3555105,160,3177,0,11,1,0,11,0,1,0,0,0,1,5324
0,1,1,3500905,541,11431,0,13,0,1,11,0,1,0,0,0,1,4867
0,0,1,4358454,0,17224,0,9,0,0,9,0,1,0,0,0,1,4859
0,0,1,804441,1472,5705,0,8,0,0,14,0,1,0,0,0,1,4759
0,0,1,843055,4452,27796,0,14,0,1,14,0,1,1,8,1,1,4916
0,1,1,3401565,430,11126,0,10,0,0,15,0,0,0,0,0,1,4331
0,1,1,3603916,804,14844,0,5,0,1,5,0,1,0,0,0,1,4966
0,1,1,3402316,650,44124,0,8,0,0,9,0,1,0,0,1,1,4969
0,1,1,3674723,713,1533,0,5,0,1,10,0,1,0,0,0,1,4806
0,0,1,952255,2081,1022,0,12,0,1,13,0,1,0,0,1,1,4932
0,1,1,4568996,393,24438,0,7,1,1,4,0,1,3,1,1,0,4656
0,1,1,3801981,1083,15094,0,14,0,0,12,0,1,0,0,0,1,4344
0,1,1,4410025,2669,3887,0,9,0,1,15,0,1,0,0,0,1,4865
0,0,1,3195684,7744,1982,0,11,0,1,5,0,1,0,0,0,1,4344
0,1,1,2808700,524,13762,0,13,0,1,14,0,1,0,0,0,1,5619
0,1,1,4146350,209,26039,0,8,0,1,18,0,1,0,0,0,1,4804
0,1,1,5563614,295,1026,0,12,1,0,12,0,1,0,0,0,0,4155
0,1,1,581894,27106,63781,0,15,0,1,19,0,1,0,0,1,1,4462
0,1,1,3975144,48,156,0,12,1,1,12,0,1,0,0,0,1,3494
0,1,1,6023418,711,12848,0,10,0,0,9,0,1,1,0,1,1,4838
0,1,1,4927718,905,10780,0,10,0,0,11,0,1,0,0,0,0,4876
0,1,1,3642214,646,30204,0,13,0,1,12,0,1,0,0,0,1,4531
0,1,1,4377211,13,3355,0,11,0,0,8,0,1,0,0,0,1,4549
0,1,1,4161642,93,2365,0,12,0,1,13,0,1,0,1,0,1,4846
0,1,1,7216350,404,15464,0,8,0,0,9,0,1,0,0,0,1,4477
0,1,1,10995218,36,5406,0,9,0,0,10,0,1,0,0,0,0,5000
0,1,1,10849351,543,31746,0,7,0,1,8,0,1,0,0,0,1,4874
0,1,1,4127533,152,3479,0,9,0,1,4,0,1,0,0,0,1,3876
0,1,1,2788042,1329,16483,0,15,0,1,16,0,1,0,2,0,1,4687
0,1,1,5664357,750,30681,0,12,0,1,11,0,1,0,0,0,1,4923
0,1,1,6487416,4579,28694,0,4,0,0,4,0,0,0,1,0,1,6045
0,1,1,4797121,113,6769,0,12,0,0,13,0,1,0,0,0,0,4956
0,0,1,4043883,627,19019,0,13,0,0,15,0,1,0,0,0,1,4971
0,1,1,3395380,643,11536,0,8,0,0,17,0,1,1,0,0,1,4828
0,1,1,2866140,2633,50024,0,6,0,1,18,1,0,0,2,0,1,4954
0,1,1,3986577,643,21902,0,6,0,1,32,0,1,3,0,0,0,4862
0,1,1,2740580,920,19633,0,8,0,1,9,0,1,0,0,0,1,4982
0,1,1,4301679,121,1689,0,13,0,1,14,0,1,0,0,0,1,4103
0,1,1,5284104,119,8690,0,8,0,0,16,0,1,0,0,0,1,4699
0,1,1,2635503,1286,17886,0,6,0,0,8,0,1,1,4,0,1,5280
0,1,1,5276940,1935,45063,0,9,1,0,18,0,1,0,0,0,1,4898
0,1,1,3369585,2659,6963,0,14,0,0,15,1,0,0,0,0,1,4916
0,1,1,2754310,789,3798,0,15,0,1,10,0,1,0,0,0,0,4638
0,1,1,8673299,9,870,0,13,1,1,18,0,1,1,0,0,1,3922
0,1,1,3477106,1808,65906,0,10,0,0,11,0,1,0,0,0,1,4495
0,1,1,2634301,7348,47195,0,5,0,0,5,0,1,0,0,0,1,5002
0,1,1,3424721,45,1431,0,14,1,1,14,0,1,0,0,0,1,2688
0,1,1,5379539,876,15252,0,6,0,0,6,0,1,0,0,1,1,5086
0,0,1,3722295,658,44441,0,11,0,0,13,0,1,3,0,0,1,4790
0,1,1,3750970,733,14343,0,15,0,1,10,0,1,0,0,0,1,4499
0,1,1,15869703,203,7795,0,15,1,1,20,0,1,0,0,0,1,4752
0,1,1,18189875,93,3764,0,7,0,1,13,0,1,2,0,0,1,3279
0,1,1,3457834,4554,9802,0,13,0,1,14,0,1,0,0,0,1,4979
0,1,1,2909643,9199,14580,0,11,0,0,12,0,1,0,0,1,1,4788
0,1,1,4709061,261,42884,0,10,0,0,9,0,1,0,0,0,1,4974
0,1,1,4483964,163,1474,0,6,0,0,5,0,1,0,0,1,1,3077
0,1,1,4160930,125,794,0,10,1,1,14,0,1,0,0,0,1,4539
0,1,1,2537458,1534,10343,0,11,0,1,12,0,1,0,0,0,0,4987
0,1,1,5004197,2976,9293,0,10,1,1,10,0,1,2,0,1,1,4344
0,1,1,8206735,5648,47896,0,9,0,0,10,0,1,0,0,1,1,5093
0,1,1,3118535,148,2094,0,7,0,1,3,0,1,0,0,0,1,4460
0,1,1,2901890,36,5614,0,13,0,1,13,0,0,0,2,1,1,4576
0,1,1,2359919,1105,23413,0,14,0,1,15,0,1,0,0,1,1,4649
0,1,1,7733745,276,13418,0,9,0,1,12,0,1,0,0,0,1,4853
0,1,1,7955814,346,17037,0,12,0,0,13,0,0,0,0,0,1,4918
0,1,1,2879055,867,21682,0,11,0,1,11,0,1,0,0,0,1,4469
0,1,1,9149190,126,7942,0,10,0,1,11,0,1,1,0,0,1,4722
0,1,1,4749885,617,35679,0,14,0,1,12,0,1,1,0,1,1,4623
0,1,1,5900400,187,9727,0,8,0,0,12,0,1,0,0,0,0,3673
0,1,1,3082263,1591,37007,0,10,0,0,11,0,1,1,0,0,1,4492
0,1,1,5144041,889,35456,0,7,0,0,8,0,0,0,0,1,1,4478
0,1,1,5666426,16149,8721,0,14,0,1,15,0,1,4,0,0,1,4765
0,1,1,3518814,501,8748,0,10,0,1,11,0,1,1,0,0,1,4111
0,0,1,12393,0,0,0,7,0,0,7,0,1,0,0,0,1,2375
0,1,1,1091647,7836,90380,0,14,0,1,15,0,1,1,0,0,1,4955
0,1,1,2968704,629,23214,0,9,0,0,13,0,1,0,0,0,1,4980
0,1,1,4216262,338,18846,0,13,0,0,14,0,1,1,0,1,1,4433
0,1,1,8867099,3399,18340,0,10,0,0,2,0,0,0,0,1,1,4845
0,1,1,2653909,244,9217,0,10,0,1,11,0,1,0,0,0,1,4813
0,1,1,4099693,443,38717,0,8,1,0,11,0,0,0,0,0,1,4105
0,1,1,4045165,519,11416,0,11,0,0,16,0,1,0,0,0,1,4504
0,1,1,6157927,33,5197,0,9,0,1,9,0,1,0,0,1,0,4284
0,1,1,8987656,167,64971,0,12,0,0,13,0,1,0,0,1,1,4755
0,1,1,4398907,343,18373,0,9,0,0,13,0,1,0,0,0,1,4551
0,0,1,457,1,1,0,13,0,0,12,0,1,0,0,0,0,2347
0,1,1,5408348,1038,19605,0,5,0,1,12,0,1,0,0,0,1,4184
0,1,1,17130394,856,7954,0,14,0,1,13,0,1,1,1,0,0,4883
0,1,1,4526981,105,3822,0,8,0,1,9,0,1,1,0,0,1,4470
0,1,1,7884316,221,1410,0,13,0,1,14,0,1,0,0,0,0,4350
0,1,1,4239075,206,24650,0,13,1,0,18,0,1,0,0,0,1,4534
0,1,1,2250823,108,588,0,10,0,0,15,0,1,0,0,1,1,4875
0,1,1,3619517,213,1555,0,6,0,1,15,0,1,0,0,1,1,4006
0,1,1,7008163,503,24436,0,8,0,0,9,0,1,0,0,1,1,4306
0,1,1,5486591,210,9134,0,10,0,0,11,0,1,0,0,0,1,4622
0,1,1,5191261,769,14845,0,10,0,0,11,0,1,0,1,0,1,4925
0,1,1,3598218,335,52368,0,11,0,0,15,0,1,0,0,0,0,3681
0,1,1,2766513,1592,59146,0,12,0,1,13,0,1,0,0,0,1,4987
0,1,1,2002725,10183,74153,0,11,0,0,12,0,1,4,0,0,1,4865
0,1,1,7253689,30,13109,0,13,0,0,20,0,1,1,0,0,1,4136
0,1,1,4095037,6,606,0,6,0,1,10,0,1,1,0,0,1,633
0,1,1,3591026,268,1804,0,12,0,0,13,0,1,0,0,1,1,4715
0,1,1,16723906,0,4647,0,9,0,0,10,0,1,0,0,0,1,4247
0,1,1,3512467,926,9672,0,8,0,1,12,0,1,0,0,1,1,5225
0,1,1,2826325,0,1446,0,13,0,1,6,0,1,0,2,0,1,4525
0,1,1,4055095,56,25366,0,13,0,1,14,0,1,0,1,0,1,4541
0,0,1,2217234,1,173,0,13,0,0,6,0,1,0,0,0,1,4814
0,1,1,3709996,44220,23227,0,12,0,1,9,0,1,4,0,0,0,3757
0,1,1,5861046,981,75103,0,14,0,1,12,0,1,0,0,0,0,4681
0,1,1,9114917,145,5906,0,14,0,1,14,0,1,0,0,0,0,4541
0,1,1,2669199,568,23686,0,11,0,1,12,0,1,3,0,0,0,4597
0,1,1,3018401,76,15096,0,10,0,1,11,0,1,1,0,0,1,5482
0,1,1,8977977,656,75505,0,15,0,0,16,0,1,0,0,0,1,4835
0,1,1,2684771,6,442,0,4,0,0,11,0,1,0,1,0,1,5687
0,1,1,8371740,475,4158,0,15,0,0,11,0,1,0,0,0,1,4277
0,1,1,4484847,1001,29945,0,13,0,0,15,0,1,0,0,0,1,4244
0,1,1,3009034,153,5237,0,12,0,0,13,0,1,1,0,1,1,4923
0,0,1,1361,4,3,0,9,0,1,10,0,1,0,0,0,1,1594
0,1,1,3765029,131,19015,0,12,1,1,12,0,1,0,0,1,1,5259
0,1,1,4094983,251,33764,0,9,0,1,15,0,1,0,0,0,1,3762
0,1,1,16208415,730,2134,0,10,0,1,11,0,1,1,0,0,1,3799
0,0,1,448,0,0,0,9,0,1,10,0,1,0,0,0,1,2031
0,1,1,9269852,94,955,0,11,1,0,4,0,0,0,0,0,1,3444
0,1,1,2357081,161,7142,0,13,0,0,15,0,1,0,0,0,0,5240
0,1,1,2635553,595,16638,0,11,1,1,11,0,1,1,0,1,1,4869
0,1,1,4021233,188,36447,0,4,0,0,4,0,1,0,0,0,1,4588
0,1,1,3563767,6968,77002,0,13,1,1,13,0,1,5,0,0,1,4944
0,1,1,3751836,437,23688,0,12,0,1,13,0,1,0,0,0,1,4830
0,1,1,3761259,1309,17819,0,11,0,0,17,0,1,0,0,0,1,4661
0,1,1,3070910,69,39462,0,14,0,1,10,0,1,0,0,0,1,5267
0,1,1,4177873,488,1543,0,11,0,1,14,0,0,3,0,0,1,4092
0,1,1,7174542,3872,150055,0,5,0,1,11,0,0,2,0,0,1,4996
0,1,1,3880680,326482,6207,0,10,0,0,11,0,1,0,0,0,1,4940
0,1,1,6102939,519,121982,0,6,0,0,11,0,0,0,0,0,1,4684
0,0,1,241,2,2,0,13,0,1,14,0,1,1,0,0,1,144
0,1,1,3919312,440,9436,0,15,1,1,15,0,1,0,0,0,0,4768
0,1,1,3960167,1060,21969,0,11,0,1,4,0,1,1,1,0,1,4912
0,1,1,7427069,9,4345,0,15,0,1,27,0,0,0,0,1,0,3881
0,0,1,2662516,299,4337,0,10,0,1,18,0,1,0,0,0,0,4990
0,1,1,5327229,223,12731,0,12,0,1,20,0,1,0,0,0,1,4261
0,1,1,5041242,130,2009,0,15,0,1,22,0,1,5,0,0,0,3489
0,1,1,3932867,372,10203,0,4,0,1,16,0,1,4,0,0,1,4457
0,1,1,3634871,2827,14675,0,11,0,1,18,0,1,0,0,0,1,5595
0,1,1,2177011,158,1294,0,13,0,0,19,0,1,0,0,0,0,4944
0,1,1,3762997,2268,29872,0,12,0,0,13,0,1,0,0,0,1,4601
0,1,1,3282320,1391,56546,0,15,0,1,15,0,1,0,0,0,1,4648
0,1,1,3009420,11,167,0,5,0,0,7,0,1,0,0,0,1,4938
0,1,1,1958073,189,26313,0,9,0,1,10,0,1,2,0,0,1,5030
0,1,1,115169957,128,20147,0,8,0,0,9,0,1,0,0,0,1,4876
0,1,1,3154622,416,9788,0,8,0,0,20,0,1,1,0,0,1,4870
0,1,1,7044623,11686,96548,0,12,0,1,13,0,1,0,1,1,1,4525
0,1,1,2645797,380,5678,0,9,0,0,10,0,1,0,0,0,1,4876
0,0,1,4143844,678,23785,0,14,0,0,15,0,1,0,0,0,1,4636
0,0,1,3071572,646,27600,0,10,0,1,11,0,1,0,0,0,1,4757
0,1,1,3390215,331,8984,0,10,0,1,18,0,1,0,0,1,0,5002
0,1,1,21234271,42,2580,0,6,0,1,12,0,1,0,0,0,1,4597
0,1,1,2212962,1366,18747,0,10,0,0,10,0,1,0,0,0,1,5044
0,1,1,2967231,538,4511,0,11,0,0,12,0,1,1,0,0,1,4505
0,1,1,3333806,4026,36587,0,15,0,1,9,0,1,0,0,0,1,4900
0,1,1,4363011,47,586,0,6,0,0,6,0,1,0,0,1,1,4478
0,1,1,3843544,335,16576,0,6,0,0,14,0,1,0,0,0,1,4800
0,0,1,140,16,2,0,11,0,0,18,0,0,0,0,0,1,3157
0,1,1,2787596,239,11943,0,7,0,1,7,0,1,0,1,0,1,4936
0,1,1,4769368,37,1626,0,10,0,0,11,0,1,0,0,0,1,5001
0,1,1,2703466,15,3079,0,10,0,0,11,0,0,0,0,0,1,4972
0,1,1,5660719,495,13911,0,12,0,0,6,1,1,0,2,0,1,4882
0,1,1,3161442,403,29608,0,14,0,0,15,0,1,0,0,0,1,4608
0,1,1,3382206,477,14125,0,10,0,1,17,0,1,0,0,0,0,4909
0,1,1,3183408,2,909,0,13,0,1,10,0,1,0,0,0,1,4483
0,1,1,3656441,223,92352,0,5,0,0,5,0,0,1,0,0,1,4811
0,1,1,3225193,76,2098,0,11,0,1,5,0,1,0,0,1,0,4965
0,1,1,2674269,6655,19034,0,10,0,0,14,0,1,1,0,0,1,4443
0,1,1,6948979,691,5993,0,10,0,0,17,0,1,0,0,0,0,4911
0,1,1,3436515,101,2018,0,10,0,0,9,0,1,1,0,0,1,4565
0,1,1,11853033,463,11597,0,10,0,1,11,0,1,0,0,0,1,4867
0,1,1,3148827,28245,15358,0,11,0,1,11,0,1,0,0,0,1,4981
0,1,1,4467758,203,5902,0,11,0,0,12,0,0,0,0,0,1,4637
0,1,1,4468665,298,22507,0,13,0,1,5,0,1,0,0,0,1,4078
0,1,1,6882616,0,2777,0,12,0,1,12,0,1,0,0,0,1,4394
0,1,1,2739829,376,4830,0,12,0,1,13,0,1,9,0,0,0,4931
0,1,1,3291846,1358,22353,0,11,0,0,18,0,1,0,0,0,1,4572
0,1,1,2424729,776,40363,0,8,0,0,14,0,1,1,0,0,1,5183
0,1,1,4242910,877,2421,0,12,0,1,13,0,0,1,0,1,0,4455
0,1,1,5548403,890,34731,0,15,0,0,16,0,0,1,0,0,1,4371
0,1,1,3384370,526,10911,0,10,0,0,13,0,1,0,0,1,0,4863
0,1,1,2433560,577,59186,0,13,1,1,15,0,0,0,0,0,1,3896
0,1,1,4716151,33877,25565,0,11,0,1,12,0,1,0,0,0,1,4865
0,1,1,4477451,173,2515,0,7,0,1,16,0,1,3,0,0,1,4506
0,1,1,2551595,1706,8848,0,13,0,1,15,0,1,0,0,0,1,4599
0,1,1,2419078,965,41456,0,13,0,1,14,0,1,0,0,0,1,5000
0,1,1,2868423,12729,6177,0,12,0,0,1,0,1,0,0,0,1,4202
0,1,1,4908244,269,41859,0,13,1,1,13,0,1,0,1,0,1,4489
0,1,1,3187064,1088,11700,0,11,0,1,12,0,1,0,0,0,1,5081
0,1,1,4070274,361,29092,0,15,0,1,15,0,1,0,0,0,1,4552
0,1,1,2222093,1140,22632,0,15,0,1,16,0,1,0,0,0,1,4931
0,1,1,3312680,3900,20704,0,11,0,1,11,0,0,0,1,0,1,4941
0,1,1,7712398,33518,24688,0,12,0,1,13,0,1,0,0,0,1,4632
0,1,1,4945335,50,15140,0,10,0,0,11,0,1,1,0,1,0,4871
0,1,1,2244406,286,2452,0,11,0,1,16,0,1,0,0,0,1,4545
0,1,1,2614950,354,1966,0,11,0,0,12,0,1,0,0,0,1,4789
0,1,1,3233006,439,3633,0,11,0,1,12,0,1,0,0,0,1,4414
0,1,1,2790330,177,7434,0,9,0,1,14,0,0,0,0,0,1,4096
0,0,1,2524124,938,15077,0,8,1,0,17,0,1,0,0,0,1,4859
0,1,1,2295903,63,2396,0,14,0,1,11,0,1,0,0,1,1,4391
0,0,1,99,6,1,0,12,1,1,12,0,0,0,0,0,1,1059
0,0,1,688,0,0,0,9,0,1,15,0,1,0,0,0,1,2259
0,0,1,3454911,470,13670,0,11,0,0,13,0,1,0,0,1,0,4406
0,0,1,742768,161650,111228,0,15,0,0,18,0,1,0,0,0,1,4407
0,1,1,2864282,1039,30156,0,9,0,1,18,0,1,0,1,1,0,4647
0,1,1,4078812,843,2958,0,11,0,1,12,0,1,0,0,1,1,4650
0,1,1,3065403,426,22579,0,8,0,1,8,0,1,0,0,0,1,4229
0,1,1,2373388,99,632,0,10,0,1,20,0,1,0,0,0,1,4304
0,1,1,2498525,613,15524,0,7,0,0,5,0,1,0,1,0,1,4770
0,1,1,3183721,794,82775,0,12,0,1,13,0,1,2,5,0,1,5189
0,1,1,2342766,886,16507,0,11,0,0,10,0,1,2,2,0,1,4967
0,1,1,3867406,302,13995,0,12,1,1,15,0,1,0,1,0,1,4958
0,1,1,5692279,309,10075,0,7,0,0,8,0,1,0,0,1,1,5001
0,1,1,3282601,150,5149,0,9,0,1,19,0,1,1,0,1,1,4800
0,1,1,3257507,41,918,0,11,1,1,11,0,1,0,0,0,0,5159
0,0,1,4599462,296,7200,0,10,0,1,10,0,1,1,0,0,1,4443
0,1,1,2208793,513,5568,0,11,0,0,12,0,1,0,0,0,0,4992
0,1,1,4539933,21898,13333,0,12,0,1,13,0,1,4,1,0,1,3650
0,1,1,2608998,1062,40948,0,10,0,0,13,0,1,0,0,0,1,5548
0,1,1,14364151,273,5720,0,14,0,1,8,0,1,0,0,0,1,4134
0,1,1,3924074,3186,36190,0,13,0,1,12,1,0,0,0,0,1,4866
0,1,1,2631358,1622,10032,0,3,0,0,9,0,1,0,0,0,1,6045
0,1,1,2871639,2321,36354,0,10,0,1,13,0,1,0,0,0,1,4714
0,1,1,2284659,1671,8883,0,12,0,1,9,0,1,0,0,1,1,4844
0,1,1,2119483,837,4439,0,11,0,0,12,0,1,0,0,0,0,4921
0,1,1,2428562,422,1285,0,10,0,1,11,0,1,2,0,0,1,3730
0,1,1,3614170,2275,73606,0,10,0,1,13,0,1,2,1,1,1,4874
0,1,1,2400496,216,24583,0,7,0,1,11,0,1,0,0,0,1,4791
0,1,1,3729336,951,27985,0,12,0,1,13,0,1,0,0,0,0,5106
0,0,1,4779365,2432,22739,0,8,1,1,8,0,1,0,0,1,1,4904
0,1,1,3936814,502,13195,0,15,0,0,17,0,0,1,1,1,1,4921
0,1,1,3001700,75,6110,0,7,0,0,3,0,0,0,0,0,1,4671
0,1,1,2517694,525,29,0,11,1,0,10,0,1,0,0,0,0,4108
0,1,1,4270688,17,6081,0,13,0,1,14,0,1,0,0,0,1,4770
0,0,1,901,0,0,0,6,0,1,10,0,1,1,0,0,1,1773
0,1,1,2312050,788,6048,0,13,0,1,11,0,1,2,0,0,1,4974
0,1,1,2319563,1369,9545,0,11,0,0,12,0,1,1,0,1,1,4866
0,1,1,10001758,291,23893,0,13,0,0,14,0,0,0,0,0,0,4917
0,1,1,6035946,138,2580,0,7,0,1,8,0,1,2,0,0,1,4905
0,1,1,4878163,574,8131,0,10,0,1,11,0,0,0,0,0,1,4138
0,1,1,2751249,293,9250,0,8,0,0,16,0,1,0,0,0,1,4590
0,1,1,2463485,137718,10376,0,13,0,0,14,0,1,0,0,0,1,4528
0,1,1,3186142,2900,21062,0,11,0,1,12,0,1,1,0,0,1,5606
0,1,1,2130594,303,14539,0,15,1,1,15,0,1,0,0,0,1,4955
0,1,1,5800721,14,41158,0,13,0,0,15,0,1,1,0,0,1,5136
0,1,1,3080078,136,2849,0,14,0,1,15,0,1,0,0,0,1,4272
0,1,1,2736870,1932,33139,0,11,0,0,12,0,1,0,1,0,0,4769
0,1,1,2941081,269,5552,0,7,0,0,15,0,0,0,0,0,1,4537
0,1,1,2720424,1090,46197,0,12,0,1,13,0,1,0,0,1,1,4876
0,1,1,3308358,341,484,0,9,1,1,12,0,1,0,0,0,1,3417
0,1,1,3169261,720,6677,0,9,0,0,10,0,0,0,0,0,1,4790
0,1,1,7258370,141,1672,0,13,0,0,14,0,1,2,1,0,1,3833
0,1,1,3484469,1006,72938,0,12,0,1,9,0,1,0,0,1,1,4723
0,1,1,3324864,820,26745,0,13,0,0,18,0,1,0,0,0,1,4947
0,1,1,2545451,3577,18454,0,14,0,0,15,0,1,1,0,0,1,4058
0,1,1,4672392,497,3521,0,11,0,1,4,0,1,0,0,0,1,4134
0,1,1,3607717,434,4213,0,10,0,1,11,0,1,0,0,0,0,4410
0,1,1,3031444,148,50649,0,11,0,0,15,0,1,0,0,0,0,4837
0,1,1,6372886,24460,41933,0,8,0,0,15,0,0,0,0,1,1,4542
0,1,1,2867875,288,16313,0,12,0,0,5,0,1,0,0,0,0,4583
0,1,1,6569681,709,13348,0,8,0,1,16,0,1,0,0,0,1,5294
0,1,1,3507660,290,16555,0,9,0,1,10,0,1,1,0,1,1,4927
0,1,1,5632563,2031,97460,0,8,0,0,9,0,1,0,1,0,1,4940
0,1,1,2617941,1583,21935,0,12,0,0,13,0,1,0,0,0,1,4877
0,1,1,1981775,1238,331,0,10,0,0,11,0,1,0,0,0,0,3987
0,1,1,2679336,309,33876,0,14,0,0,15,0,0,0,0,0,0,4617
0,1,1,2457534,100,5629,0,14,0,0,15,0,1,0,0,0,0,4789
0,1,1,3228744,267,13187,0,10,0,1,9,0,1,0,0,0,1,4699
0,1,1,5977078,202,1232,0,8,0,1,11,0,0,0,0,0,1,4636
0,0,1,2376590,2058,5006,0,11,0,0,16,0,1,0,0,0,1,4214
0,1,1,1740871,891,8636,0,11,0,1,15,0,1,0,0,0,1,4136
0,1,1,2171620,5396,12686,0,12,0,1,15,0,1,0,0,0,0,4930
0,1,1,4300167,1818,33430,0,10,0,0,7,0,0,0,0,0,1,4758
0,1,1,1279620,761,44957,0,15,0,0,17,0,1,0,1,0,1,4425
0,1,1,2174219,161,6181,0,12,0,1,13,0,1,0,1,0,1,4720
0,1,1,2299773,90,7805,0,11,0,1,12,0,1,2,0,0,1,4967
0,1,1,7141577,1045,12375,0,8,0,1,8,0,1,0,0,1,0,4974
0,1,1,2814418,3651,36642,0,15,0,1,16,0,1,2,0,0,1,4203
0,0,1,2420889,125,22397,0,6,0,0,12,0,0,0,0,0,1,4819
0,1,1,3475238,1,6493,0,6,0,1,14,0,1,0,1,0,1,4867
0,1,1,6035857,6407,14627,0,12,0,1,13,0,1,0,0,1,1,4033
0,1,1,4260259,1269,1837,0,12,0,0,14,0,1,0,0,0,0,4012
0,1,1,2696882,83,6813,0,11,0,0,4,0,1,0,1,0,1,4686
0,1,1,2712988,351,21139,0,6,0,1,12,1,0,0,0,0,1,4441
0,1,1,2839909,751,12204,0,12,0,1,13,0,1,0,0,0,1,4744
0,1,1,3117628,232,13473,0,12,0,0,5,0,0,1,0,1,0,4554
0,1,1,3201616,52,18401,0,12,0,0,13,0,1,0,0,0,1,4522
0,1,1,4761040,4624,59609,0,12,0,0,13,0,1,2,0,0,0,4543
0,1,1,7731466,31,7712,0,7,0,1,8,0,1,1,0,0,1,4072
0,1,1,3287519,389,14686,0,12,0,1,14,0,1,0,0,0,1,4621
0,1,1,2942048,729,22366,0,14,0,0,15,0,1,0,0,0,1,4687
0,1,1,2515248,1320,9680,0,11,0,0,12,0,1,0,0,0,1,4830
0,1,1,1935322,805,6738,0,15,0,1,16,0,1,0,0,0,0,4860
0,1,1,6640449,1087,24671,0,10,0,0,11,0,1,0,1,0,1,4626
0,0,1,419006,95,85,0,14,0,0,15,0,1,0,0,0,1,3875
0,0,1,215,233,15,0,14,0,0,9,0,1,0,0,0,1,4028
0,1,1,4831378,1082,58766,0,11,1,0,11,0,0,0,1,0,1,4473
0,1,1,3548292,66,502,0,12,0,0,4,0,1,1,0,0,1,4107
0,1,1,5447044,1272,50518,0,12,0,1,13,0,1,0,0,0,1,4669
0,0,1,222,0,0,0,14,0,0,6,0,1,1,0,0,0,849
0,1,1,2248993,670,13264,0,13,0,0,7,0,1,0,1,0,1,4960
0,1,1,3683371,418,19373,0,10,0,1,11,0,1,0,0,0,1,4722
0,1,1,3226824,0,9100,0,12,0,1,13,0,0,0,0,0,0,4215
0,1,1,1971804,230,34878,0,14,0,1,6,0,1,0,0,0,1,4933
0,1,1,5831106,73,7167,0,5,0,0,5,0,1,0,0,0,1,4435
0,1,1,12426647,9,50960,0,12,0,1,13,0,1,0,0,0,1,4821
0,1,1,3067061,3451,32655,0,13,0,1,14,0,1,0,0,1,0,5023
0,1,1,4170946,5185,8611,0,10,0,1,11,0,1,0,0,0,1,5259
0,1,1,2713723,11,5588,0,12,0,0,13,0,1,0,0,1,0,5385
0,1,1,3174858,6803,101809,0,4,0,0,11,0,1,0,2,0,1,4938
0,1,1,2386033,42,19086,0,11,1,0,5,0,0,0,0,0,1,4479
0,1,1,2421612,662,890,0,15,0,0,13,0,1,0,0,0,0,4668
0,1,1,8796343,486,25843,0,11,0,1,12,0,1,1,0,1,1,5099
0,1,1,2692043,1677,37496,0,11,0,1,12,0,1,2,0,0,1,4684
0,0,1,3,0,0,0,11,0,1,4,0,1,0,0,0,1,579
0,1,1,3762725,1066,24310,0,9,0,0,10,0,1,0,0,0,1,4480
0,1,1,3379807,506,1680,0,10,0,1,18,0,1,0,0,0,1,3805
0,1,1,3062763,71,274,0,9,0,0,10,0,1,0,0,0,0,4063
0,0,1,2250669,837,3249,0,8,0,0,9,0,0,0,0,0,1,4902
0,1,1,3210383,787,10630,0,9,0,1,10,0,1,0,0,0,1,4968
0,1,1,2357439,171,5936,0,12,0,1,15,0,1,0,0,0,1,4880
0,1,1,8443962,1068,16996,0,12,0,1,13,0,1,0,0,0,1,4557
0,1,1,2555874,1181,4597,0,9,0,1,10,0,1,2,0,0,1,4989
0,1,1,2320063,135,15013,0,10,0,0,12,0,1,2,0,0,1,4826
0,1,1,3207192,648,30434,0,9,0,0,10,0,1,0,0,1,1,5230
0,1,1,2191723,193936,23695,0,12,0,0,13,0,1,0,0,0,1,5007
0,1,1,4688227,393,2720,0,11,1,0,13,0,1,0,3,1,1,3342
0,0,1,3,0,0,0,13,0,1,11,0,1,0,0,0,1,579
0,1,1,2940509,0,7934,0,12,1,1,12,0,1,0,0,0,0,4152
0,1,1,3006883,227,2441,0,14,0,1,15,0,1,5,0,0,1,3951
0,1,1,2045861,156,2285,0,13,0,0,16,0,1,0,0,0,1,4250
0,1,1,2275664,26,734,0,7,0,1,7,0,1,0,0,0,0,4848
0,1,1,3099569,990,187587,0,11,0,0,11,0,1,0,0,0,1,5034
0,1,1,3579000,1078,3427,0,10,0,1,11,0,1,0,0,0,1,4770
0,1,1,2815425,59,5417,0,10,0,1,11,0,1,0,0,0,1,4967
0,1,1,1987005,18140,26784,0,10,0,1,11,0,1,0,0,0,1,4940
0,0,1,455,0,2,0,14,0,1,15,0,1,0,0,0,0,4435
0,1,1,2522203,35,91,0,5,0,0,12,0,1,0,0,0,1,3763
0,1,1,2284471,5,132,0,14,1,1,14,0,1,0,0,0,1,4113
0,1,1,2118964,869,18958,0,14,0,0,15,0,0,0,0,0,1,4850
0,1,1,3278912,134,8939,0,11,1,0,15,0,1,0,0,0,1,3875
0,1,1,2641568,126,6410,0,11,0,1,12,0,1,0,0,0,1,4515
0,1,1,2133505,258,3726,0,12,0,1,13,0,1,0,0,0,1,4939
0,1,1,3234468,472,9568,0,12,0,0,12,0,1,0,0,0,1,4815
0,0,1,435604,44141,26576,0,15,0,0,20,0,0,0,0,0,1,3906
0,1,1,3245804,239,4664,0,9,0,0,14,0,0,0,0,0,1,4176
0,0,1,375,1,2,0,12,0,0,15,0,1,1,0,0,1,2318
0,1,1,1843118,19325,14389,0,11,1,0,11,0,1,1,0,0,1,4823
0,1,1,2206606,5626,1369,0,11,0,0,12,0,1,0,0,0,1,4946
0,1,1,4371663,1900,242,0,10,0,0,11,0,1,0,0,1,1,4839
0,1,1,2609367,230,3020,0,10,0,1,14,0,1,0,0,0,1,4625
0,1,1,2985881,4298,10487,0,7,0,1,19,0,1,0,0,0,1,3605
0,0,1,2408253,16,6906,0,10,0,0,17,0,0,0,0,0,0,4483
0,1,1,6002343,698,22406,0,10,0,0,18,0,1,0,0,1,0,4902
0,1,1,2431445,402,10556,0,12,0,1,7,0,1,0,0,0,1,4903
0,1,1,2317992,372,9406,0,10,0,0,11,0,1,0,0,1,1,4868
0,1,1,2204959,127,14313,0,12,0,0,13,0,1,0,0,0,1,4812
0,1,1,7668060,589,35788,0,4,0,1,4,0,1,0,0,0,1,4499
0,1,1,2291523,461,8336,0,15,0,1,6,0,1,0,0,0,1,4566
0,1,1,2890076,1659,47431,0,13,0,0,7,0,0,0,0,0,1,4957
0,1,1,6497618,680,43051,0,11,0,0,12,0,1,0,0,1,0,4924
0,0,1,56,0,1,0,8,0,0,8,0,0,0,0,0,1,857
